<?xml version="1.0" encoding="UTF-8"?>
<window>
	<defaultcontrol always="true">10</defaultcontrol>
	<coordinates>
		<system>1</system>
		<posx>335</posx>
		<posy>230</posy>
	</coordinates>
	<include>dialogeffect</include>
	<controls>
		<control type="image">
			<posx>0</posx>
			<posy>0</posy>
			<width>610</width>
			<height>240</height>
			<texture border="40">DialogBack.png</texture>
		</control>
		<control type="image">
			<description>Dialog Header image</description>
			<posx>40</posx>
			<posy>16</posy>
			<width>530</width>
			<height>40</height>
			<texture>dialogheader.png</texture>
		</control>
		<control type="label" id="1">
			<description>fake heading label</description>
			<posx>0</posx>
			<posy>0</posy>
			<width>0</width>
			<height>0</height>
			<font>-</font>
			<visible>false</visible>
		</control>
		<control type="label">
			<description>header label</description>
			<posx>40</posx>
			<posy>20</posy>
			<width>530</width>
			<height>30</height>
			<font>font13_title</font>
			<label>$INFO[Control.GetLabel(1)] $INFO[System.Progressbar,- ,%]</label>
			<align>center</align>
			<aligny>center</aligny>
			<textcolor>selected</textcolor>
			<shadowcolor>black</shadowcolor>
		</control>
		<control type="button">
			<description>Close Window button</description>
			<posx>520</posx>
			<posy>15</posy>
			<width>64</width>
			<height>32</height>
			<label>-</label>
			<font>-</font>
			<onclick>PreviousMenu</onclick>
			<texturefocus>DialogCloseButton-focus.png</texturefocus>
			<texturenofocus>DialogCloseButton.png</texturenofocus>
			<onleft>10</onleft>
			<onright>10</onright>
			<onup>10</onup>
			<ondown>10</ondown>
			<visible>system.getbool(input.enablemouse)</visible>
		</control>
		<control type="label" id="2">
			<description>dialog line 1</description>
			<posx>30</posx>
			<posy>60</posy>
			<width>550</width>
			<height>30</height>
			<align>left</align>
			<aligny>center</aligny>
			<label>-</label>
			<haspath>true</haspath>
			<font>font13</font>
		</control>
		<control type="label" id="3">
			<description>dialog line 2</description>
			<posx>30</posx>
			<posy>85</posy>
			<width>550</width>
			<height>30</height>
			<align>left</align>
			<aligny>center</aligny>
			<label>-</label>
			<haspath>true</haspath>
			<font>font13</font>
		</control>
		<control type="label" id="4">
			<description>dialog line 3</description>
			<posx>30</posx>
			<posy>110</posy>
			<width>550</width>
			<height>30</height>
			<align>left</align>
			<aligny>center</aligny>
			<label>-</label>
			<haspath>true</haspath>
			<font>font13</font>
		</control>
		<control type="progress">
			<description>Progressbar</description>
			<posx>30</posx>
			<posy>148</posy>
			<width>550</width>
			<height>16</height>
			<info>System.Progressbar</info>
		</control>
		<control type="button" id="10">
			<description>Cancel button</description>
			<posx>205</posx>
			<posy>175</posy>
			<width>200</width>
			<height>40</height>
			<label>222</label>
			<font>font12_title</font>
			<textcolor>white</textcolor>
			<focusedcolor>white</focusedcolor>
			<align>center</align>
			<onleft>10</onleft>
			<onright>10</onright>
			<onup>10</onup>
			<ondown>10</ondown>
		</control>
	</controls>
</window>