﻿<?xml version="1.0" encoding="UTF-8" standalone="yes"?>
<addon
  id="repository.powlo"
  name="powlo's Add-ons"
  version="0.0.1"
  provider-name="powlo">
  <extension point="xbmc.addon.repository"
             name="powlo's Add-on Repository">
    <info compressed="false">http://raw.github.com/powlo/repository.powlo/master/addons.xml</info>
    <checksum>http://raw.github.com/powlo/repository.powlo/master/addons.xml.md5</checksum>
    <datadir zip="true">http://raw.github.com/powlo/repository.powlo/master/download</datadir>
  </extension>
  <extension point="xbmc.addon.metadata">
    <summary lang="en">Install Add-ons from powlo's repository</summary>
    <description lang="en">Download and install add-ons from powlo's addon repository.</description>
    <platform>all</platform>
  </extension>
</addon>