<?xml version="1.0" encoding="UTF-8"?>
<includes>
	<include name="WeatherRegionalForcast">
		<control type="group">
			<visible>StringCompare(Window.Property(Weather.CurrentView),regional)</visible>
			<include>VisibleFadeEffect</include>
			<control type="label">
				<description>header label</description>
				<posx>20</posx>
				<posy>13</posy>
				<width>610</width>
				<height>30</height>
				<font>font13_title</font>
				<label>31804</label>
				<align>center</align>
				<aligny>center</aligny>
				<textcolor>white</textcolor>
				<shadowcolor>black</shadowcolor>
			</control>
			<control type="grouplist" id="56">
				<posx>40</posx>
				<posy>60</posy>
				<width>600</width>
				<height>540</height>
				<pagecontrol>57</pagecontrol>
				<itemgap>10</itemgap>
				<description>Regional forecast list</description>
				<visible>Control.IsVisible(56)</visible>
				<onleft>56</onleft>
				<onright>9000</onright>
				<control type="label">
					<height>30</height>			
					<width>590</width>
					<font>font13_title</font>
					<align>center</align>
					<label>$INFO[Window.Property(Regional.Period0.Title)]</label>
				</control>
				<control type="textbox">
					<width>590</width>
					<height>60</height>
					<font>font12</font>
					<label>$INFO[Window.Property(Regional.Period0.Content)]</label>					
				</control>
				<control type="image">
					<width>590</width>
					<height>2</height>
					<texture>separator.png</texture>
				</control>
				<control type="label">
					<height>30</height>
					<width>590</width>
					<font>font13_title</font>
					<align>center</align>
					<label>$INFO[Window.Property(Regional.Period1.Title)]</label>
				</control>
				<control type="textbox">
					<width>590</width>
					<height>100</height>
					<font>font12</font>
					<label>$INFO[Window.Property(Regional.Period1.Content)]</label>					
				</control>
				<control type="image">
					<width>590</width>
					<height>2</height>
					<texture>separator.png</texture>
				</control>
				<control type="label">					
					<height>30</height>			
					<width>590</width>
					<font>font13_title</font>
					<align>center</align>
					<label>$INFO[Window.Property(Regional.Period2.Title)]</label>
				</control>
				<control type="textbox">
					<width>590</width>
					<height>100</height>
					<font>font12</font>
					<label>$INFO[Window.Property(Regional.Period2.Content)]</label>					
				</control>
				<control type="image">
					<width>590</width>
					<height>2</height>
					<texture>separator.png</texture>
				</control>
				<control type="label">
					<height>30</height>			
					<width>590</width>
					<font>font13_title</font>
					<align>center</align>
					<label>$INFO[Window.Property(Regional.Period3.Title)]</label>
				</control>
				<control type="textbox">
					<width>590</width>
					<height>100</height>
					<font>font12</font>
					<label>$INFO[Window.Property(Regional.Period3.Content)]</label>					
				</control>
				<control type="image">
					<width>590</width>
					<height>2</height>
					<texture>separator.png</texture>
				</control>
				<control type="label">
					<height>30</height>
					<width>590</width>
					<font>font13_title</font>
					<align>center</align>
					<label>$INFO[Window.Property(Regional.Period4.Title)]</label>
				</control>
				<control type="textbox">
					<width>590</width>
					<height>270</height>
					<font>font12</font>
					<label>$INFO[Window.Property(Regional.Period4.Content)]</label>					
				</control>
				<control type="image">
					<width>590</width>
					<height>2</height>
					<texture>separator.png</texture>
				</control>
				<control type="label">
					<height>30</height>			
					<width>590</width>
					<font>font13_title</font>
					<align>center</align>
					<label>$INFO[Window.Property(Regional.Period5.Title)]</label>
				</control>
				<control type="textbox">
					<width>590</width>
					<font>font12</font>
					<label>$INFO[Window.Property(Regional.Period5.Content)]</label>					
				</control>
				<control type="image">
					<width>590</width>
					<height>2</height>
					<visible>!IsEmpty($INFO[Window.Property(Regional.Period6.Title)])</visible>
					<texture>separator.png</texture>
				</control>
				<control type="label">
					<height>30</height>			
					<width>590</width>
					<font>font13_title</font>
					<align>center</align>
					<visible>!IsEmpty($INFO[Window.Property(Regional.Period6.Title)])</visible>
					<label>$INFO[Window.Property(Regional.Period6.Title)]</label>
				</control>
				<control type="textbox">
					<width>590</width>
					<font>font12</font>
					<visible>!IsEmpty($INFO[Window.Property(Regional.Period6.Title)])</visible>
					<label>$INFO[Window.Property(Regional.Period6.Content)]</label>					
				</control>
			</control>
			<control type="scrollbar" id="57">
				<posx>615</posx>
				<posy>60</posy>
				<width>25</width>
				<height>540</height>
				<texturesliderbackground border="0,14,0,14">ScrollBarV.png</texturesliderbackground>
				<texturesliderbar border="0,14,0,14">ScrollBarV_bar.png</texturesliderbar>
				<texturesliderbarfocus border="0,14,0,14">ScrollBarV_bar_focus.png</texturesliderbarfocus>
				<textureslidernib>ScrollBarNib.png</textureslidernib>
				<textureslidernibfocus>ScrollBarNib.png</textureslidernibfocus>
				<onleft>56</onleft>
				<onright>9000</onright>
				<showonepage>true</showonepage>
				<orientation>vertical</orientation>
				<visible>Control.IsVisible(56)</visible>
			</control>
		</control>
	</include>
</includes>
